Timestamp,SID,Channel,Band,Value
1763794259.6484,b3b20996-b541-4e81-ac29-d0d5c248b323,TP9,TP9,108.258
1763794259.6484,b3b20996-b541-4e81-ac29-d0d5c248b323,TP9,AF7,24.987
1763794259.6484,b3b20996-b541-4e81-ac29-d0d5c248b323,TP9,AF8,36.854
1763794259.6484,b3b20996-b541-4e81-ac29-d0d5c248b323,TP9,TP10,97.609
1763794259.6484,b3b20996-b541-4e81-ac29-d0d5c248b323,TP9,RightAUX,80.731
1763794259.6484,b3b20996-b541-4e81-ac29-d0d5c248b323,AF7,TP9,12.857
1763794259.6484,b3b20996-b541-4e81-ac29-d0d5c248b323,AF7,AF7,19.261
1763794259.6484,b3b20996-b541-4e81-ac29-d0d5c248b323,AF7,AF8,24.838
1763794259.6484,b3b20996-b541-4e81-ac29-d0d5c248b323,AF7,TP10,49.973
1763794259.6484,b3b20996-b541-4e81-ac29-d0d5c248b323,AF7,RightAUX,75.752
1763794259.6484,b3b20996-b541-4e81-ac29-d0d5c248b323,AF8,TP9,25.096
1763794259.6484,b3b20996-b541-4e81-ac29-d0d5c248b323,AF8,AF7,3.793
1763794259.6484,b3b20996-b541-4e81-ac29-d0d5c248b323,AF8,AF8,2.999
1763794259.6484,b3b20996-b541-4e81-ac29-d0d5c248b323,AF8,TP10,1.873
1763794259.6484,b3b20996-b541-4e81-ac29-d0d5c248b323,AF8,RightAUX,0.774
1763794259.6484,b3b20996-b541-4e81-ac29-d0d5c248b323,TP10,TP9,0.001
1763794259.6484,b3b20996-b541-4e81-ac29-d0d5c248b323,TP10,AF7,0.001
1763794259.6484,b3b20996-b541-4e81-ac29-d0d5c248b323,TP10,AF8,0.0
1763794259.6484,b3b20996-b541-4e81-ac29-d0d5c248b323,TP10,TP10,0.0
1763794259.6484,b3b20996-b541-4e81-ac29-d0d5c248b323,TP10,RightAUX,0.0
1763794259.6484,b3b20996-b541-4e81-ac29-d0d5c248b323,RightAUX,TP9,78.779
1763794259.6484,b3b20996-b541-4e81-ac29-d0d5c248b323,RightAUX,AF7,36.926
1763794259.6484,b3b20996-b541-4e81-ac29-d0d5c248b323,RightAUX,AF8,27.733
1763794259.6484,b3b20996-b541-4e81-ac29-d0d5c248b323,RightAUX,TP10,130.039
1763794259.6484,b3b20996-b541-4e81-ac29-d0d5c248b323,RightAUX,RightAUX,111.538
1763794259.7744,b3b20996-b541-4e81-ac29-d0d5c248b323,TP9,TP9,106.655
1763794259.7744,b3b20996-b541-4e81-ac29-d0d5c248b323,TP9,AF7,21.043
1763794259.7744,b3b20996-b541-4e81-ac29-d0d5c248b323,TP9,AF8,38.095
1763794259.7744,b3b20996-b541-4e81-ac29-d0d5c248b323,TP9,TP10,97.235
1763794259.7744,b3b20996-b541-4e81-ac29-d0d5c248b323,TP9,RightAUX,74.253
1763794259.7744,b3b20996-b541-4e81-ac29-d0d5c248b323,AF7,TP9,12.169
1763794259.7744,b3b20996-b541-4e81-ac29-d0d5c248b323,AF7,AF7,21.967
1763794259.7744,b3b20996-b541-4e81-ac29-d0d5c248b323,AF7,AF8,26.85
1763794259.7744,b3b20996-b541-4e81-ac29-d0d5c248b323,AF7,TP10,51.308
1763794259.7744,b3b20996-b541-4e81-ac29-d0d5c248b323,AF7,RightAUX,79.736
1763794259.7744,b3b20996-b541-4e81-ac29-d0d5c248b323,AF8,TP9,24.197
1763794259.7744,b3b20996-b541-4e81-ac29-d0d5c248b323,AF8,AF7,4.047
1763794259.7744,b3b20996-b541-4e81-ac29-d0d5c248b323,AF8,AF8,4.601
1763794259.7744,b3b20996-b541-4e81-ac29-d0d5c248b323,AF8,TP10,2.739
1763794259.7744,b3b20996-b541-4e81-ac29-d0d5c248b323,AF8,RightAUX,0.975
1763794259.7744,b3b20996-b541-4e81-ac29-d0d5c248b323,TP10,TP9,0.002
1763794259.7744,b3b20996-b541-4e81-ac29-d0d5c248b323,TP10,AF7,0.001
1763794259.7744,b3b20996-b541-4e81-ac29-d0d5c248b323,TP10,AF8,0.0
1763794259.7744,b3b20996-b541-4e81-ac29-d0d5c248b323,TP10,TP10,0.0
1763794259.7744,b3b20996-b541-4e81-ac29-d0d5c248b323,TP10,RightAUX,0.0
1763794259.7744,b3b20996-b541-4e81-ac29-d0d5c248b323,RightAUX,TP9,74.45
1763794259.7744,b3b20996-b541-4e81-ac29-d0d5c248b323,RightAUX,AF7,37.416
1763794259.7744,b3b20996-b541-4e81-ac29-d0d5c248b323,RightAUX,AF8,29.223
1763794259.7744,b3b20996-b541-4e81-ac29-d0d5c248b323,RightAUX,TP10,132.177
1763794259.7744,b3b20996-b541-4e81-ac29-d0d5c248b323,RightAUX,RightAUX,107.561
1763794259.9002,b3b20996-b541-4e81-ac29-d0d5c248b323,TP9,TP9,100.541
1763794259.9002,b3b20996-b541-4e81-ac29-d0d5c248b323,TP9,AF7,16.366
1763794259.9002,b3b20996-b541-4e81-ac29-d0d5c248b323,TP9,AF8,36.835
1763794259.9002,b3b20996-b541-4e81-ac29-d0d5c248b323,TP9,TP10,97.136
1763794259.9002,b3b20996-b541-4e81-ac29-d0d5c248b323,TP9,RightAUX,70.965
1763794259.9002,b3b20996-b541-4e81-ac29-d0d5c248b323,AF7,TP9,11.347
1763794259.9002,b3b20996-b541-4e81-ac29-d0d5c248b323,AF7,AF7,24.131
1763794259.9002,b3b20996-b541-4e81-ac29-d0d5c248b323,AF7,AF8,27.456
1763794259.9002,b3b20996-b541-4e81-ac29-d0d5c248b323,AF7,TP10,55.689
1763794259.9002,b3b20996-b541-4e81-ac29-d0d5c248b323,AF7,RightAUX,78.082
1763794259.9002,b3b20996-b541-4e81-ac29-d0d5c248b323,AF8,TP9,21.717
1763794259.9002,b3b20996-b541-4e81-ac29-d0d5c248b323,AF8,AF7,4.236
1763794259.9002,b3b20996-b541-4e81-ac29-d0d5c248b323,AF8,AF8,7.098
1763794259.9002,b3b20996-b541-4e81-ac29-d0d5c248b323,AF8,TP10,4.606
1763794259.9002,b3b20996-b541-4e81-ac29-d0d5c248b323,AF8,RightAUX,1.454
1763794259.9002,b3b20996-b541-4e81-ac29-d0d5c248b323,TP10,TP9,0.003
1763794259.9002,b3b20996-b541-4e81-ac29-d0d5c248b323,TP10,AF7,0.001
1763794259.9002,b3b20996-b541-4e81-ac29-d0d5c248b323,TP10,AF8,0.001
1763794259.9002,b3b20996-b541-4e81-ac29-d0d5c248b323,TP10,TP10,0.001
1763794259.9002,b3b20996-b541-4e81-ac29-d0d5c248b323,TP10,RightAUX,0.001
1763794259.9002,b3b20996-b541-4e81-ac29-d0d5c248b323,RightAUX,TP9,68.988
1763794259.9002,b3b20996-b541-4e81-ac29-d0d5c248b323,RightAUX,AF7,34.836
1763794259.9002,b3b20996-b541-4e81-ac29-d0d5c248b323,RightAUX,AF8,29.003
1763794259.9002,b3b20996-b541-4e81-ac29-d0d5c248b323,RightAUX,TP10,138.853
1763794259.9002,b3b20996-b541-4e81-ac29-d0d5c248b323,RightAUX,RightAUX,101.049
1763794260.0253,b3b20996-b541-4e81-ac29-d0d5c248b323,TP9,TP9,91.374
1763794260.0253,b3b20996-b541-4e81-ac29-d0d5c248b323,TP9,AF7,12.584
1763794260.0253,b3b20996-b541-4e81-ac29-d0d5c248b323,TP9,AF8,33.548
1763794260.0253,b3b20996-b541-4e81-ac29-d0d5c248b323,TP9,TP10,96.603
1763794260.0253,b3b20996-b541-4e81-ac29-d0d5c248b323,TP9,RightAUX,72.495
1763794260.0253,b3b20996-b541-4e81-ac29-d0d5c248b323,AF7,TP9,10.724
1763794260.0253,b3b20996-b541-4e81-ac29-d0d5c248b323,AF7,AF7,25.727
1763794260.0253,b3b20996-b541-4e81-ac29-d0d5c248b323,AF7,AF8,25.892
1763794260.0253,b3b20996-b541-4e81-ac29-d0d5c248b323,AF7,TP10,62.136
1763794260.0253,b3b20996-b541-4e81-ac29-d0d5c248b323,AF7,RightAUX,71.738
1763794260.0253,b3b20996-b541-4e81-ac29-d0d5c248b323,AF8,TP9,18.293
1763794260.0253,b3b20996-b541-4e81-ac29-d0d5c248b323,AF8,AF7,4.624
1763794260.0253,b3b20996-b541-4e81-ac29-d0d5c248b323,AF8,AF8,10.825
1763794260.0253,b3b20996-b541-4e81-ac29-d0d5c248b323,AF8,TP10,8.043
1763794260.0253,b3b20996-b541-4e81-ac29-d0d5c248b323,AF8,RightAUX,2.368
1763794260.0253,b3b20996-b541-4e81-ac29-d0d5c248b323,TP10,TP9,0.006
1763794260.0253,b3b20996-b541-4e81-ac29-d0d5c248b323,TP10,AF7,0.003
1763794260.0253,b3b20996-b541-4e81-ac29-d0d5c248b323,TP10,AF8,0.003
1763794260.0253,b3b20996-b541-4e81-ac29-d0d5c248b323,TP10,TP10,0.001
1763794260.0253,b3b20996-b541-4e81-ac29-d0d5c248b323,TP10,RightAUX,0.002
1763794260.0253,b3b20996-b541-4e81-ac29-d0d5c248b323,RightAUX,TP9,61.955
1763794260.0253,b3b20996-b541-4e81-ac29-d0d5c248b323,RightAUX,AF7,29.227
1763794260.0253,b3b20996-b541-4e81-ac29-d0d5c248b323,RightAUX,AF8,27.071
1763794260.0253,b3b20996-b541-4e81-ac29-d0d5c248b323,RightAUX,TP10,144.496
1763794260.0253,b3b20996-b541-4e81-ac29-d0d5c248b323,RightAUX,RightAUX,95.26
1763794260.1495,b3b20996-b541-4e81-ac29-d0d5c248b323,TP9,TP9,82.44
1763794260.1495,b3b20996-b541-4e81-ac29-d0d5c248b323,TP9,AF7,10.812
1763794260.1495,b3b20996-b541-4e81-ac29-d0d5c248b323,TP9,AF8,29.862
1763794260.1495,b3b20996-b541-4e81-ac29-d0d5c248b323,TP9,TP10,96.065
1763794260.1495,b3b20996-b541-4e81-ac29-d0d5c248b323,TP9,RightAUX,78.051
1763794260.1495,b3b20996-b541-4e81-ac29-d0d5c248b323,AF7,TP9,10.372
1763794260.1495,b3b20996-b541-4e81-ac29-d0d5c248b323,AF7,AF7,27.278
1763794260.1495,b3b20996-b541-4e81-ac29-d0d5c248b323,AF7,AF8,23.311
1763794260.1495,b3b20996-b541-4e81-ac29-d0d5c248b323,AF7,TP10,69.26
1763794260.1495,b3b20996-b541-4e81-ac29-d0d5c248b323,AF7,RightAUX,63.602
1763794260.1495,b3b20996-b541-4e81-ac29-d0d5c248b323,AF8,TP9,15.63
1763794260.1495,b3b20996-b541-4e81-ac29-d0d5c248b323,AF8,AF7,5.49
1763794260.1495,b3b20996-b541-4e81-ac29-d0d5c248b323,AF8,AF8,15.663
1763794260.1495,b3b20996-b541-4e81-ac29-d0d5c248b323,AF8,TP10,13.053
1763794260.1495,b3b20996-b541-4e81-ac29-d0d5c248b323,AF8,RightAUX,3.73
1763794260.1495,b3b20996-b541-4e81-ac29-d0d5c248b323,TP10,TP9,0.012
1763794260.1495,b3b20996-b541-4e81-ac29-d0d5c248b323,TP10,AF7,0.006
1763794260.1495,b3b20996-b541-4e81-ac29-d0d5c248b323,TP10,AF8,0.007
1763794260.1495,b3b20996-b541-4e81-ac29-d0d5c248b323,TP10,TP10,0.004
1763794260.1495,b3b20996-b541-4e81-ac29-d0d5c248b323,TP10,RightAUX,0.005
1763794260.1495,b3b20996-b541-4e81-ac29-d0d5c248b323,RightAUX,TP9,55.187
1763794260.1495,b3b20996-b541-4e81-ac29-d0d5c248b323,RightAUX,AF7,22.26
1763794260.1495,b3b20996-b541-4e81-ac29-d0d5c248b323,RightAUX,AF8,24.484
1763794260.1495,b3b20996-b541-4e81-ac29-d0d5c248b323,RightAUX,TP10,146.036
1763794260.1495,b3b20996-b541-4e81-ac29-d0d5c248b323,RightAUX,RightAUX,92.11
1763794260.2737,b3b20996-b541-4e81-ac29-d0d5c248b323,TP9,TP9,77.315
1763794260.2737,b3b20996-b541-4e81-ac29-d0d5c248b323,TP9,AF7,11.955
1763794260.2737,b3b20996-b541-4e81-ac29-d0d5c248b323,TP9,AF8,27.996
1763794260.2737,b3b20996-b541-4e81-ac29-d0d5c248b323,TP9,TP10,96.482
1763794260.2737,b3b20996-b541-4e81-ac29-d0d5c248b323,TP9,RightAUX,84.923
1763794260.2737,b3b20996-b541-4e81-ac29-d0d5c248b323,AF7,TP9,10.734
1763794260.2737,b3b20996-b541-4e81-ac29-d0d5c248b323,AF7,AF7,29.164
1763794260.2737,b3b20996-b541-4e81-ac29-d0d5c248b323,AF7,AF8,21.793
1763794260.2737,b3b20996-b541-4e81-ac29-d0d5c248b323,AF7,TP10,75.546
1763794260.2737,b3b20996-b541-4e81-ac29-d0d5c248b323,AF7,RightAUX,57.124
1763794260.2737,b3b20996-b541-4e81-ac29-d0d5c248b323,AF8,TP9,15.27
1763794260.2737,b3b20996-b541-4e81-ac29-d0d5c248b323,AF8,AF7,6.865
1763794260.2737,b3b20996-b541-4e81-ac29-d0d5c248b323,AF8,AF8,20.759
1763794260.2737,b3b20996-b541-4e81-ac29-d0d5c248b323,AF8,TP10,18.776
1763794260.2737,b3b20996-b541-4e81-ac29-d0d5c248b323,AF8,RightAUX,5.325
1763794260.2737,b3b20996-b541-4e81-ac29-d0d5c248b323,TP10,TP9,0.023
1763794260.2737,b3b20996-b541-4e81-ac29-d0d5c248b323,TP10,AF7,0.011
1763794260.2737,b3b20996-b541-4e81-ac29-d0d5c248b323,TP10,AF8,0.015
1763794260.2737,b3b20996-b541-4e81-ac29-d0d5c248b323,TP10,TP10,0.012
1763794260.2737,b3b20996-b541-4e81-ac29-d0d5c248b323,TP10,RightAUX,0.01
1763794260.2737,b3b20996-b541-4e81-ac29-d0d5c248b323,RightAUX,TP9,50.52
1763794260.2737,b3b20996-b541-4e81-ac29-d0d5c248b323,RightAUX,AF7,15.67
1763794260.2737,b3b20996-b541-4e81-ac29-d0d5c248b323,RightAUX,AF8,22.606
1763794260.2737,b3b20996-b541-4e81-ac29-d0d5c248b323,RightAUX,TP10,143.166
1763794260.2737,b3b20996-b541-4e81-ac29-d0d5c248b323,RightAUX,RightAUX,91.223
1763794260.3979,b3b20996-b541-4e81-ac29-d0d5c248b323,TP9,TP9,76.599
1763794260.3979,b3b20996-b541-4e81-ac29-d0d5c248b323,TP9,AF7,16.431
1763794260.3979,b3b20996-b541-4e81-ac29-d0d5c248b323,TP9,AF8,29.665
1763794260.3979,b3b20996-b541-4e81-ac29-d0d5c248b323,TP9,TP10,98.526
1763794260.3979,b3b20996-b541-4e81-ac29-d0d5c248b323,TP9,RightAUX,89.912
1763794260.3979,b3b20996-b541-4e81-ac29-d0d5c248b323,AF7,TP9,12.535
1763794260.3979,b3b20996-b541-4e81-ac29-d0d5c248b323,AF7,AF7,31.355
1763794260.3979,b3b20996-b541-4e81-ac29-d0d5c248b323,AF7,AF8,23.044
1763794260.3979,b3b20996-b541-4e81-ac29-d0d5c248b323,AF7,TP10,79.601
1763794260.3979,b3b20996-b541-4e81-ac29-d0d5c248b323,AF7,RightAUX,54.503
1763794260.3979,b3b20996-b541-4e81-ac29-d0d5c248b323,AF8,TP9,17.399
1763794260.3979,b3b20996-b541-4e81-ac29-d0d5c248b323,AF8,AF7,8.495
1763794260.3979,b3b20996-b541-4e81-ac29-d0d5c248b323,AF8,AF8,24.727
1763794260.3979,b3b20996-b541-4e81-ac29-d0d5c248b323,AF8,TP10,23.676
1763794260.3979,b3b20996-b541-4e81-ac29-d0d5c248b323,AF8,RightAUX,6.745
1763794260.3979,b3b20996-b541-4e81-ac29-d0d5c248b323,TP10,TP9,0.044
1763794260.3979,b3b20996-b541-4e81-ac29-d0d5c248b323,TP10,AF7,0.018
1763794260.3979,b3b20996-b541-4e81-ac29-d0d5c248b323,TP10,AF8,0.025
1763794260.3979,b3b20996-b541-4e81-ac29-d0d5c248b323,TP10,TP10,0.026
1763794260.3979,b3b20996-b541-4e81-ac29-d0d5c248b323,TP10,RightAUX,0.018
1763794260.3979,b3b20996-b541-4e81-ac29-d0d5c248b323,RightAUX,TP9,48.434
1763794260.3979,b3b20996-b541-4e81-ac29-d0d5c248b323,RightAUX,AF7,10.958
1763794260.3979,b3b20996-b541-4e81-ac29-d0d5c248b323,RightAUX,AF8,22.547
1763794260.3979,b3b20996-b541-4e81-ac29-d0d5c248b323,RightAUX,TP10,137.277
1763794260.3979,b3b20996-b541-4e81-ac29-d0d5c248b323,RightAUX,RightAUX,90.91
1763794260.5221,b3b20996-b541-4e81-ac29-d0d5c248b323,TP9,TP9,78.626
1763794260.5221,b3b20996-b541-4e81-ac29-d0d5c248b323,TP9,AF7,24.197
1763794260.5221,b3b20996-b541-4e81-ac29-d0d5c248b323,TP9,AF8,35.335
1763794260.5221,b3b20996-b541-4e81-ac29-d0d5c248b323,TP9,TP10,101.576
1763794260.5221,b3b20996-b541-4e81-ac29-d0d5c248b323,TP9,RightAUX,90.959
1763794260.5221,b3b20996-b541-4e81-ac29-d0d5c248b323,AF7,TP9,16.235
1763794260.5221,b3b20996-b541-4e81-ac29-d0d5c248b323,AF7,AF7,33.613
1763794260.5221,b3b20996-b541-4e81-ac29-d0d5c248b323,AF7,AF8,27.78
1763794260.5221,b3b20996-b541-4e81-ac29-d0d5c248b323,AF7,TP10,80.578
1763794260.5221,b3b20996-b541-4e81-ac29-d0d5c248b323,AF7,RightAUX,55.898
1763794260.5221,b3b20996-b541-4e81-ac29-d0d5c248b323,AF8,TP9,20.743
1763794260.5221,b3b20996-b541-4e81-ac29-d0d5c248b323,AF8,AF7,9.891
1763794260.5221,b3b20996-b541-4e81-ac29-d0d5c248b323,AF8,AF8,26.233
1763794260.5221,b3b20996-b541-4e81-ac29-d0d5c248b323,AF8,TP10,26.165
1763794260.5221,b3b20996-b541-4e81-ac29-d0d5c248b323,AF8,RightAUX,7.552
1763794260.5221,b3b20996-b541-4e81-ac29-d0d5c248b323,TP10,TP9,0.073
1763794260.5221,b3b20996-b541-4e81-ac29-d0d5c248b323,TP10,AF7,0.027
1763794260.5221,b3b20996-b541-4e81-ac29-d0d5c248b323,TP10,AF8,0.038
1763794260.5221,b3b20996-b541-4e81-ac29-d0d5c248b323,TP10,TP10,0.043
1763794260.5221,b3b20996-b541-4e81-ac29-d0d5c248b323,TP10,RightAUX,0.028
1763794260.5221,b3b20996-b541-4e81-ac29-d0d5c248b323,RightAUX,TP9,48.266
1763794260.5221,b3b20996-b541-4e81-ac29-d0d5c248b323,RightAUX,AF7,9.109
1763794260.5221,b3b20996-b541-4e81-ac29-d0d5c248b323,RightAUX,AF8,24.622
1763794260.5221,b3b20996-b541-4e81-ac29-d0d5c248b323,RightAUX,TP10,129.962
1763794260.5221,b3b20996-b541-4e81-ac29-d0d5c248b323,RightAUX,RightAUX,89.638
1763794260.6462,b3b20996-b541-4e81-ac29-d0d5c248b323,TP9,TP9,80.73
1763794260.6462,b3b20996-b541-4e81-ac29-d0d5c248b323,TP9,AF7,34.182
1763794260.6462,b3b20996-b541-4e81-ac29-d0d5c248b323,TP9,AF8,43.83
1763794260.6462,b3b20996-b541-4e81-ac29-d0d5c248b323,TP9,TP10,104.036
1763794260.6462,b3b20996-b541-4e81-ac29-d0d5c248b323,TP9,RightAUX,88.011
1763794260.6462,b3b20996-b541-4e81-ac29-d0d5c248b323,AF7,TP9,21.61
1763794260.6462,b3b20996-b541-4e81-ac29-d0d5c248b323,AF7,AF7,35.601
1763794260.6462,b3b20996-b541-4e81-ac29-d0d5c248b323,AF7,AF8,34.835
1763794260.6462,b3b20996-b541-4e81-ac29-d0d5c248b323,AF7,TP10,78.589
1763794260.6462,b3b20996-b541-4e81-ac29-d0d5c248b323,AF7,RightAUX,59.85
1763794260.6462,b3b20996-b541-4e81-ac29-d0d5c248b323,AF8,TP9,23.455
1763794260.6462,b3b20996-b541-4e81-ac29-d0d5c248b323,AF8,AF7,10.604
1763794260.6462,b3b20996-b541-4e81-ac29-d0d5c248b323,AF8,AF8,24.632
1763794260.6462,b3b20996-b541-4e81-ac29-d0d5c248b323,AF8,TP10,25.355
1763794260.6462,b3b20996-b541-4e81-ac29-d0d5c248b323,AF8,RightAUX,7.485
1763794260.6462,b3b20996-b541-4e81-ac29-d0d5c248b323,TP10,TP9,0.107
1763794260.6462,b3b20996-b541-4e81-ac29-d0d5c248b323,TP10,AF7,0.036
1763794260.6462,b3b20996-b541-4e81-ac29-d0d5c248b323,TP10,AF8,0.05
1763794260.6462,b3b20996-b541-4e81-ac29-d0d5c248b323,TP10,TP10,0.06
1763794260.6462,b3b20996-b541-4e81-ac29-d0d5c248b323,TP10,RightAUX,0.038
1763794260.6462,b3b20996-b541-4e81-ac29-d0d5c248b323,RightAUX,TP9,48.222
1763794260.6462,b3b20996-b541-4e81-ac29-d0d5c248b323,RightAUX,AF7,10.212
1763794260.6462,b3b20996-b541-4e81-ac29-d0d5c248b323,RightAUX,AF8,28.768
1763794260.6462,b3b20996-b541-4e81-ac29-d0d5c248b323,RightAUX,TP10,122.194
1763794260.6462,b3b20996-b541-4e81-ac29-d0d5c248b323,RightAUX,RightAUX,86.885
1763794260.7704,b3b20996-b541-4e81-ac29-d0d5c248b323,TP9,TP9,81.082
1763794260.7704,b3b20996-b541-4e81-ac29-d0d5c248b323,TP9,AF7,44.542
1763794260.7704,b3b20996-b541-4e81-ac29-d0d5c248b323,TP9,AF8,52.126
1763794260.7704,b3b20996-b541-4e81-ac29-d0d5c248b323,TP9,TP10,104.351
1763794260.7704,b3b20996-b541-4e81-ac29-d0d5c248b323,TP9,RightAUX,82.426
1763794260.7704,b3b20996-b541-4e81-ac29-d0d5c248b323,AF7,TP9,27.548
1763794260.7704,b3b20996-b541-4e81-ac29-d0d5c248b323,AF7,AF7,36.962
1763794260.7704,b3b20996-b541-4e81-ac29-d0d5c248b323,AF7,AF8,41.852
1763794260.7704,b3b20996-b541-4e81-ac29-d0d5c248b323,AF7,TP10,74.756
1763794260.7704,b3b20996-b541-4e81-ac29-d0d5c248b323,AF7,RightAUX,64.355
1763794260.7704,b3b20996-b541-4e81-ac29-d0d5c248b323,AF8,TP9,24.118
1763794260.7704,b3b20996-b541-4e81-ac29-d0d5c248b323,AF8,AF7,10.384
1763794260.7704,b3b20996-b541-4e81-ac29-d0d5c248b323,AF8,AF8,20.258
1763794260.7704,b3b20996-b541-4e81-ac29-d0d5c248b323,AF8,TP10,21.493
1763794260.7704,b3b20996-b541-4e81-ac29-d0d5c248b323,AF8,RightAUX,6.585
1763794260.7704,b3b20996-b541-4e81-ac29-d0d5c248b323,TP10,TP9,0.137
1763794260.7704,b3b20996-b541-4e81-ac29-d0d5c248b323,TP10,AF7,0.042
1763794260.7704,b3b20996-b541-4e81-ac29-d0d5c248b323,TP10,AF8,0.058
1763794260.7704,b3b20996-b541-4e81-ac29-d0d5c248b323,TP10,TP10,0.072
1763794260.7704,b3b20996-b541-4e81-ac29-d0d5c248b323,TP10,RightAUX,0.046
1763794260.7704,b3b20996-b541-4e81-ac29-d0d5c248b323,RightAUX,TP9,47.007
1763794260.7704,b3b20996-b541-4e81-ac29-d0d5c248b323,RightAUX,AF7,13.32
1763794260.7704,b3b20996-b541-4e81-ac29-d0d5c248b323,RightAUX,AF8,34.077
1763794260.7704,b3b20996-b541-4e81-ac29-d0d5c248b323,RightAUX,TP10,114.739
1763794260.7704,b3b20996-b541-4e81-ac29-d0d5c248b323,RightAUX,RightAUX,82.941
1763794260.8945,b3b20996-b541-4e81-ac29-d0d5c248b323,TP9,TP9,79.08
1763794260.8945,b3b20996-b541-4e81-ac29-d0d5c248b323,TP9,AF7,53.006
1763794260.8945,b3b20996-b541-4e81-ac29-d0d5c248b323,TP9,AF8,57.162
1763794260.8945,b3b20996-b541-4e81-ac29-d0d5c248b323,TP9,TP10,101.772
1763794260.8945,b3b20996-b541-4e81-ac29-d0d5c248b323,TP9,RightAUX,75.914
1763794260.8945,b3b20996-b541-4e81-ac29-d0d5c248b323,AF7,TP9,32.364
1763794260.8945,b3b20996-b541-4e81-ac29-d0d5c248b323,AF7,AF7,37.244
1763794260.8945,b3b20996-b541-4e81-ac29-d0d5c248b323,AF7,AF8,45.891
1763794260.8945,b3b20996-b541-4e81-ac29-d0d5c248b323,AF7,TP10,70.602
1763794260.8945,b3b20996-b541-4e81-ac29-d0d5c248b323,AF7,RightAUX,67.942
1763794260.8945,b3b20996-b541-4e81-ac29-d0d5c248b323,AF8,TP9,22.37
1763794260.8945,b3b20996-b541-4e81-ac29-d0d5c248b323,AF8,AF7,9.293
1763794260.8945,b3b20996-b541-4e81-ac29-d0d5c248b323,AF8,AF8,14.359
1763794260.8945,b3b20996-b541-4e81-ac29-d0d5c248b323,AF8,TP10,15.845
1763794260.8945,b3b20996-b541-4e81-ac29-d0d5c248b323,AF8,RightAUX,5.171
1763794260.8945,b3b20996-b541-4e81-ac29-d0d5c248b323,TP10,TP9,0.153
1763794260.8945,b3b20996-b541-4e81-ac29-d0d5c248b323,TP10,AF7,0.044
1763794260.8945,b3b20996-b541-4e81-ac29-d0d5c248b323,TP10,AF8,0.061
1763794260.8945,b3b20996-b541-4e81-ac29-d0d5c248b323,TP10,TP10,0.075
1763794260.8945,b3b20996-b541-4e81-ac29-d0d5c248b323,TP10,RightAUX,0.049
1763794260.8945,b3b20996-b541-4e81-ac29-d0d5c248b323,RightAUX,TP9,44.128
1763794260.8945,b3b20996-b541-4e81-ac29-d0d5c248b323,RightAUX,AF7,17.07
1763794260.8945,b3b20996-b541-4e81-ac29-d0d5c248b323,RightAUX,AF8,39.48
1763794260.8945,b3b20996-b541-4e81-ac29-d0d5c248b323,RightAUX,TP10,109.096
1763794260.8945,b3b20996-b541-4e81-ac29-d0d5c248b323,RightAUX,RightAUX,78.347
1763794261.0188,b3b20996-b541-4e81-ac29-d0d5c248b323,TP9,TP9,73.998
1763794261.0188,b3b20996-b541-4e81-ac29-d0d5c248b323,TP9,AF7,58.44
1763794261.0188,b3b20996-b541-4e81-ac29-d0d5c248b323,TP9,AF8,57.714
1763794261.0188,b3b20996-b541-4e81-ac29-d0d5c248b323,TP9,TP10,97.045
1763794261.0188,b3b20996-b541-4e81-ac29-d0d5c248b323,TP9,RightAUX,69.629
1763794261.0188,b3b20996-b541-4e81-ac29-d0d5c248b323,AF7,TP9,34.34
1763794261.0188,b3b20996-b541-4e81-ac29-d0d5c248b323,AF7,AF7,35.96
1763794261.0188,b3b20996-b541-4e81-ac29-d0d5c248b323,AF7,AF8,44.936
1763794261.0188,b3b20996-b541-4e81-ac29-d0d5c248b323,AF7,TP10,67.323
1763794261.0188,b3b20996-b541-4e81-ac29-d0d5c248b323,AF7,RightAUX,70.394
1763794261.0188,b3b20996-b541-4e81-ac29-d0d5c248b323,AF8,TP9,18.796
1763794261.0188,b3b20996-b541-4e81-ac29-d0d5c248b323,AF8,AF7,7.718
1763794261.0188,b3b20996-b541-4e81-ac29-d0d5c248b323,AF8,AF8,8.629
1763794261.0188,b3b20996-b541-4e81-ac29-d0d5c248b323,AF8,TP10,10.127
1763794261.0188,b3b20996-b541-4e81-ac29-d0d5c248b323,AF8,RightAUX,3.685
1763794261.0188,b3b20996-b541-4e81-ac29-d0d5c248b323,TP10,TP9,0.15
1763794261.0188,b3b20996-b541-4e81-ac29-d0d5c248b323,TP10,AF7,0.041
1763794261.0188,b3b20996-b541-4e81-ac29-d0d5c248b323,TP10,AF8,0.059
1763794261.0188,b3b20996-b541-4e81-ac29-d0d5c248b323,TP10,TP10,0.07
1763794261.0188,b3b20996-b541-4e81-ac29-d0d5c248b323,TP10,RightAUX,0.048
1763794261.0188,b3b20996-b541-4e81-ac29-d0d5c248b323,RightAUX,TP9,40.113
1763794261.0188,b3b20996-b541-4e81-ac29-d0d5c248b323,RightAUX,AF7,21.075
1763794261.0188,b3b20996-b541-4e81-ac29-d0d5c248b323,RightAUX,AF8,43.927
1763794261.0188,b3b20996-b541-4e81-ac29-d0d5c248b323,RightAUX,TP10,107.02
1763794261.0188,b3b20996-b541-4e81-ac29-d0d5c248b323,RightAUX,RightAUX,73.581
1763794261.143,b3b20996-b541-4e81-ac29-d0d5c248b323,TP9,TP9,66.007
1763794261.143,b3b20996-b541-4e81-ac29-d0d5c248b323,TP9,AF7,61.195
1763794261.143,b3b20996-b541-4e81-ac29-d0d5c248b323,TP9,AF8,54.293
1763794261.143,b3b20996-b541-4e81-ac29-d0d5c248b323,TP9,TP10,93.166
1763794261.143,b3b20996-b541-4e81-ac29-d0d5c248b323,TP9,RightAUX,63.781
1763794261.143,b3b20996-b541-4e81-ac29-d0d5c248b323,AF7,TP9,32.59
1763794261.143,b3b20996-b541-4e81-ac29-d0d5c248b323,AF7,AF7,32.864
1763794261.143,b3b20996-b541-4e81-ac29-d0d5c248b323,AF7,AF8,39.197
1763794261.143,b3b20996-b541-4e81-ac29-d0d5c248b323,AF7,TP10,65.352
1763794261.143,b3b20996-b541-4e81-ac29-d0d5c248b323,AF7,RightAUX,72.394
1763794261.143,b3b20996-b541-4e81-ac29-d0d5c248b323,AF8,TP9,14.453
1763794261.143,b3b20996-b541-4e81-ac29-d0d5c248b323,AF8,AF7,6.193
1763794261.143,b3b20996-b541-4e81-ac29-d0d5c248b323,AF8,AF8,4.464
1763794261.143,b3b20996-b541-4e81-ac29-d0d5c248b323,AF8,TP10,5.74
1763794261.143,b3b20996-b541-4e81-ac29-d0d5c248b323,AF8,RightAUX,2.492
1763794261.143,b3b20996-b541-4e81-ac29-d0d5c248b323,TP10,TP9,0.129
1763794261.143,b3b20996-b541-4e81-ac29-d0d5c248b323,TP10,AF7,0.035
1763794261.143,b3b20996-b541-4e81-ac29-d0d5c248b323,TP10,AF8,0.055
1763794261.143,b3b20996-b541-4e81-ac29-d0d5c248b323,TP10,TP10,0.059
1763794261.143,b3b20996-b541-4e81-ac29-d0d5c248b323,TP10,RightAUX,0.044
1763794261.143,b3b20996-b541-4e81-ac29-d0d5c248b323,RightAUX,TP9,35.824
1763794261.143,b3b20996-b541-4e81-ac29-d0d5c248b323,RightAUX,AF7,25.478
1763794261.143,b3b20996-b541-4e81-ac29-d0d5c248b323,RightAUX,AF8,46.624
1763794261.143,b3b20996-b541-4e81-ac29-d0d5c248b323,RightAUX,TP10,109.249
1763794261.143,b3b20996-b541-4e81-ac29-d0d5c248b323,RightAUX,RightAUX,69.039
1763794261.2671,b3b20996-b541-4e81-ac29-d0d5c248b323,TP9,TP9,57.033
1763794261.2671,b3b20996-b541-4e81-ac29-d0d5c248b323,TP9,AF7,62.376
1763794261.2671,b3b20996-b541-4e81-ac29-d0d5c248b323,TP9,AF8,48.245
1763794261.2671,b3b20996-b541-4e81-ac29-d0d5c248b323,TP9,TP10,93.878
1763794261.2671,b3b20996-b541-4e81-ac29-d0d5c248b323,TP9,RightAUX,57.857
1763794261.2671,b3b20996-b541-4e81-ac29-d0d5c248b323,AF7,TP9,27.574
1763794261.2671,b3b20996-b541-4e81-ac29-d0d5c248b323,AF7,AF7,28.101
1763794261.2671,b3b20996-b541-4e81-ac29-d0d5c248b323,AF7,AF8,30.858
1763794261.2671,b3b20996-b541-4e81-ac29-d0d5c248b323,AF7,TP10,64.517
1763794261.2671,b3b20996-b541-4e81-ac29-d0d5c248b323,AF7,RightAUX,74.889
1763794261.2671,b3b20996-b541-4e81-ac29-d0d5c248b323,AF8,TP9,10.458
1763794261.2671,b3b20996-b541-4e81-ac29-d0d5c248b323,AF8,AF7,5.085
1763794261.2671,b3b20996-b541-4e81-ac29-d0d5c248b323,AF8,AF8,2.365
1763794261.2671,b3b20996-b541-4e81-ac29-d0d5c248b323,AF8,TP10,3.238
1763794261.2671,b3b20996-b541-4e81-ac29-d0d5c248b323,AF8,RightAUX,1.744
1763794261.2671,b3b20996-b541-4e81-ac29-d0d5c248b323,TP10,TP9,0.097
1763794261.2671,b3b20996-b541-4e81-ac29-d0d5c248b323,TP10,AF7,0.029
1763794261.2671,b3b20996-b541-4e81-ac29-d0d5c248b323,TP10,AF8,0.052
1763794261.2671,b3b20996-b541-4e81-ac29-d0d5c248b323,TP10,TP10,0.05
1763794261.2671,b3b20996-b541-4e81-ac29-d0d5c248b323,TP10,RightAUX,0.039
1763794261.2671,b3b20996-b541-4e81-ac29-d0d5c248b323,RightAUX,TP9,32.181
1763794261.2671,b3b20996-b541-4e81-ac29-d0d5c248b323,RightAUX,AF7,30.359
1763794261.2671,b3b20996-b541-4e81-ac29-d0d5c248b323,RightAUX,AF8,46.995
1763794261.2671,b3b20996-b541-4e81-ac29-d0d5c248b323,RightAUX,TP10,115.044
1763794261.2671,b3b20996-b541-4e81-ac29-d0d5c248b323,RightAUX,RightAUX,64.859
1763794261.3914,b3b20996-b541-4e81-ac29-d0d5c248b323,TP9,TP9,48.817
1763794261.3914,b3b20996-b541-4e81-ac29-d0d5c248b323,TP9,AF7,62.754
1763794261.3914,b3b20996-b541-4e81-ac29-d0d5c248b323,TP9,AF8,41.5
1763794261.3914,b3b20996-b541-4e81-ac29-d0d5c248b323,TP9,TP10,101.846
1763794261.3914,b3b20996-b541-4e81-ac29-d0d5c248b323,TP9,RightAUX,51.351
1763794261.3914,b3b20996-b541-4e81-ac29-d0d5c248b323,AF7,TP9,20.928
1763794261.3914,b3b20996-b541-4e81-ac29-d0d5c248b323,AF7,AF7,22.32
1763794261.3914,b3b20996-b541-4e81-ac29-d0d5c248b323,AF7,AF8,22.609
1763794261.3914,b3b20996-b541-4e81-ac29-d0d5c248b323,AF7,TP10,64.524
1763794261.3914,b3b20996-b541-4e81-ac29-d0d5c248b323,AF7,RightAUX,78.794
1763794261.3914,b3b20996-b541-4e81-ac29-d0d5c248b323,AF8,TP9,7.5
1763794261.3914,b3b20996-b541-4e81-ac29-d0d5c248b323,AF8,AF7,4.426
1763794261.3914,b3b20996-b541-4e81-ac29-d0d5c248b323,AF8,AF8,1.811
1763794261.3914,b3b20996-b541-4e81-ac29-d0d5c248b323,AF8,TP10,2.261
1763794261.3914,b3b20996-b541-4e81-ac29-d0d5c248b323,AF8,RightAUX,1.371
1763794261.3914,b3b20996-b541-4e81-ac29-d0d5c248b323,TP10,TP9,0.065
1763794261.3914,b3b20996-b541-4e81-ac29-d0d5c248b323,TP10,AF7,0.025
1763794261.3914,b3b20996-b541-4e81-ac29-d0d5c248b323,TP10,AF8,0.051
1763794261.3914,b3b20996-b541-4e81-ac29-d0d5c248b323,TP10,TP10,0.046
1763794261.3914,b3b20996-b541-4e81-ac29-d0d5c248b323,TP10,RightAUX,0.036
1763794261.3914,b3b20996-b541-4e81-ac29-d0d5c248b323,RightAUX,TP9,30.518
1763794261.3914,b3b20996-b541-4e81-ac29-d0d5c248b323,RightAUX,AF7,35.851
1763794261.3914,b3b20996-b541-4e81-ac29-d0d5c248b323,RightAUX,AF8,44.927
1763794261.3914,b3b20996-b541-4e81-ac29-d0d5c248b323,RightAUX,TP10,121.981
1763794261.3914,b3b20996-b541-4e81-ac29-d0d5c248b323,RightAUX,RightAUX,61.086
1763794261.5156,b3b20996-b541-4e81-ac29-d0d5c248b323,TP9,TP9,43.324
1763794261.5156,b3b20996-b541-4e81-ac29-d0d5c248b323,TP9,AF7,62.218
1763794261.5156,b3b20996-b541-4e81-ac29-d0d5c248b323,TP9,AF8,35.858
1763794261.5156,b3b20996-b541-4e81-ac29-d0d5c248b323,TP9,TP10,117.35
1763794261.5156,b3b20996-b541-4e81-ac29-d0d5c248b323,TP9,RightAUX,44.461
1763794261.5156,b3b20996-b541-4e81-ac29-d0d5c248b323,AF7,TP9,14.85
1763794261.5156,b3b20996-b541-4e81-ac29-d0d5c248b323,AF7,AF7,16.886
1763794261.5156,b3b20996-b541-4e81-ac29-d0d5c248b323,AF7,AF8,16.689
1763794261.5156,b3b20996-b541-4e81-ac29-d0d5c248b323,AF7,TP10,64.924
1763794261.5156,b3b20996-b541-4e81-ac29-d0d5c248b323,AF7,RightAUX,84.455
1763794261.5156,b3b20996-b541-4e81-ac29-d0d5c248b323,AF8,TP9,5.692
1763794261.5156,b3b20996-b541-4e81-ac29-d0d5c248b323,AF8,AF7,4.042
1763794261.5156,b3b20996-b541-4e81-ac29-d0d5c248b323,AF8,AF8,1.87
1763794261.5156,b3b20996-b541-4e81-ac29-d0d5c248b323,AF8,TP10,2.012
1763794261.5156,b3b20996-b541-4e81-ac29-d0d5c248b323,AF8,RightAUX,1.202
1763794261.5156,b3b20996-b541-4e81-ac29-d0d5c248b323,TP10,TP9,0.041
1763794261.5156,b3b20996-b541-4e81-ac29-d0d5c248b323,TP10,AF7,0.023
1763794261.5156,b3b20996-b541-4e81-ac29-d0d5c248b323,TP10,AF8,0.053
1763794261.5156,b3b20996-b541-4e81-ac29-d0d5c248b323,TP10,TP10,0.048
1763794261.5156,b3b20996-b541-4e81-ac29-d0d5c248b323,TP10,RightAUX,0.035
1763794261.5156,b3b20996-b541-4e81-ac29-d0d5c248b323,RightAUX,TP9,33.114
1763794261.5156,b3b20996-b541-4e81-ac29-d0d5c248b323,RightAUX,AF7,41.824
1763794261.5156,b3b20996-b541-4e81-ac29-d0d5c248b323,RightAUX,AF8,40.571
1763794261.5156,b3b20996-b541-4e81-ac29-d0d5c248b323,RightAUX,TP10,125.854
1763794261.5156,b3b20996-b541-4e81-ac29-d0d5c248b323,RightAUX,RightAUX,58.352
1763794261.6397,b3b20996-b541-4e81-ac29-d0d5c248b323,TP9,TP9,40.78
1763794261.6397,b3b20996-b541-4e81-ac29-d0d5c248b323,TP9,AF7,59.782
1763794261.6397,b3b20996-b541-4e81-ac29-d0d5c248b323,TP9,AF8,32.485
1763794261.6397,b3b20996-b541-4e81-ac29-d0d5c248b323,TP9,TP10,137.74
1763794261.6397,b3b20996-b541-4e81-ac29-d0d5c248b323,TP9,RightAUX,37.877
1763794261.6397,b3b20996-b541-4e81-ac29-d0d5c248b323,AF7,TP9,11.218
1763794261.6397,b3b20996-b541-4e81-ac29-d0d5c248b323,AF7,AF7,13.758
1763794261.6397,b3b20996-b541-4e81-ac29-d0d5c248b323,AF7,AF8,13.924
1763794261.6397,b3b20996-b541-4e81-ac29-d0d5c248b323,AF7,TP10,65.016
1763794261.6397,b3b20996-b541-4e81-ac29-d0d5c248b323,AF7,RightAUX,91.337
1763794261.6397,b3b20996-b541-4e81-ac29-d0d5c248b323,AF8,TP9,4.695
1763794261.6397,b3b20996-b541-4e81-ac29-d0d5c248b323,AF8,AF7,3.753
1763794261.6397,b3b20996-b541-4e81-ac29-d0d5c248b323,AF8,AF8,1.918
1763794261.6397,b3b20996-b541-4e81-ac29-d0d5c248b323,AF8,TP10,1.877
1763794261.6397,b3b20996-b541-4e81-ac29-d0d5c248b323,AF8,RightAUX,1.101
1763794261.6397,b3b20996-b541-4e81-ac29-d0d5c248b323,TP10,TP9,0.029
1763794261.6397,b3b20996-b541-4e81-ac29-d0d5c248b323,TP10,AF7,0.023
1763794261.6397,b3b20996-b541-4e81-ac29-d0d5c248b323,TP10,AF8,0.053
1763794261.6397,b3b20996-b541-4e81-ac29-d0d5c248b323,TP10,TP10,0.052
1763794261.6397,b3b20996-b541-4e81-ac29-d0d5c248b323,TP10,RightAUX,0.035
1763794261.6397,b3b20996-b541-4e81-ac29-d0d5c248b323,RightAUX,TP9,41.565
1763794261.6397,b3b20996-b541-4e81-ac29-d0d5c248b323,RightAUX,AF7,47.363
1763794261.6397,b3b20996-b541-4e81-ac29-d0d5c248b323,RightAUX,AF8,34.703
1763794261.6397,b3b20996-b541-4e81-ac29-d0d5c248b323,RightAUX,TP10,122.581
1763794261.6397,b3b20996-b541-4e81-ac29-d0d5c248b323,RightAUX,RightAUX,57.895
1763794261.7641,b3b20996-b541-4e81-ac29-d0d5c248b323,TP9,TP9,40.302
1763794261.7641,b3b20996-b541-4e81-ac29-d0d5c248b323,TP9,AF7,54.426
1763794261.7641,b3b20996-b541-4e81-ac29-d0d5c248b323,TP9,AF8,31.262
1763794261.7641,b3b20996-b541-4e81-ac29-d0d5c248b323,TP9,TP10,157.612
1763794261.7641,b3b20996-b541-4e81-ac29-d0d5c248b323,TP9,RightAUX,32.626
1763794261.7641,b3b20996-b541-4e81-ac29-d0d5c248b323,AF7,TP9,10.779
1763794261.7641,b3b20996-b541-4e81-ac29-d0d5c248b323,AF7,AF7,14.493
1763794261.7641,b3b20996-b541-4e81-ac29-d0d5c248b323,AF7,AF8,13.793
1763794261.7641,b3b20996-b541-4e81-ac29-d0d5c248b323,AF7,TP10,64.356
1763794261.7641,b3b20996-b541-4e81-ac29-d0d5c248b323,AF7,RightAUX,98.428
1763794261.7641,b3b20996-b541-4e81-ac29-d0d5c248b323,AF8,TP9,3.965
1763794261.7641,b3b20996-b541-4e81-ac29-d0d5c248b323,AF8,AF7,3.388
1763794261.7641,b3b20996-b541-4e81-ac29-d0d5c248b323,AF8,AF8,1.844
1763794261.7641,b3b20996-b541-4e81-ac29-d0d5c248b323,AF8,TP10,1.687
1763794261.7641,b3b20996-b541-4e81-ac29-d0d5c248b323,AF8,RightAUX,1.011
1763794261.7641,b3b20996-b541-4e81-ac29-d0d5c248b323,TP10,TP9,0.026
1763794261.7641,b3b20996-b541-4e81-ac29-d0d5c248b323,TP10,AF7,0.023
1763794261.7641,b3b20996-b541-4e81-ac29-d0d5c248b323,TP10,AF8,0.051
1763794261.7641,b3b20996-b541-4e81-ac29-d0d5c248b323,TP10,TP10,0.054
1763794261.7641,b3b20996-b541-4e81-ac29-d0d5c248b323,TP10,RightAUX,0.035
1763794261.7641,b3b20996-b541-4e81-ac29-d0d5c248b323,RightAUX,TP9,55.416
1763794261.7641,b3b20996-b541-4e81-ac29-d0d5c248b323,RightAUX,AF7,50.888
1763794261.7641,b3b20996-b541-4e81-ac29-d0d5c248b323,RightAUX,AF8,28.376
1763794261.7641,b3b20996-b541-4e81-ac29-d0d5c248b323,RightAUX,TP10,111.238
1763794261.7641,b3b20996-b541-4e81-ac29-d0d5c248b323,RightAUX,RightAUX,60.63
1763794261.8896,b3b20996-b541-4e81-ac29-d0d5c248b323,TP9,TP9,40.723
1763794261.8896,b3b20996-b541-4e81-ac29-d0d5c248b323,TP9,AF7,45.95
1763794261.8896,b3b20996-b541-4e81-ac29-d0d5c248b323,TP9,AF8,31.435
1763794261.8896,b3b20996-b541-4e81-ac29-d0d5c248b323,TP9,TP10,170.77
1763794261.8896,b3b20996-b541-4e81-ac29-d0d5c248b323,TP9,RightAUX,29.792
1763794261.8896,b3b20996-b541-4e81-ac29-d0d5c248b323,AF7,TP9,13.116
1763794261.8896,b3b20996-b541-4e81-ac29-d0d5c248b323,AF7,AF7,19.181
1763794261.8896,b3b20996-b541-4e81-ac29-d0d5c248b323,AF7,AF8,15.35
1763794261.8896,b3b20996-b541-4e81-ac29-d0d5c248b323,AF7,TP10,62.886
1763794261.8896,b3b20996-b541-4e81-ac29-d0d5c248b323,AF7,RightAUX,104.781
1763794261.8896,b3b20996-b541-4e81-ac29-d0d5c248b323,AF8,TP9,3.253
1763794261.8896,b3b20996-b541-4e81-ac29-d0d5c248b323,AF8,AF7,2.847
1763794261.8896,b3b20996-b541-4e81-ac29-d0d5c248b323,AF8,AF8,1.664
1763794261.8896,b3b20996-b541-4e81-ac29-d0d5c248b323,AF8,TP10,1.43
1763794261.8896,b3b20996-b541-4e81-ac29-d0d5c248b323,AF8,RightAUX,0.909
1763794261.8896,b3b20996-b541-4e81-ac29-d0d5c248b323,TP10,TP9,0.026
1763794261.8896,b3b20996-b541-4e81-ac29-d0d5c248b323,TP10,AF7,0.021
1763794261.8896,b3b20996-b541-4e81-ac29-d0d5c248b323,TP10,AF8,0.044
1763794261.8896,b3b20996-b541-4e81-ac29-d0d5c248b323,TP10,TP10,0.051
1763794261.8896,b3b20996-b541-4e81-ac29-d0d5c248b323,TP10,RightAUX,0.033
1763794261.8896,b3b20996-b541-4e81-ac29-d0d5c248b323,RightAUX,TP9,71.517
1763794261.8896,b3b20996-b541-4e81-ac29-d0d5c248b323,RightAUX,AF7,50.893
1763794261.8896,b3b20996-b541-4e81-ac29-d0d5c248b323,RightAUX,AF8,22.613
1763794261.8896,b3b20996-b541-4e81-ac29-d0d5c248b323,RightAUX,TP10,94.646
1763794261.8896,b3b20996-b541-4e81-ac29-d0d5c248b323,RightAUX,RightAUX,66.057
1763794262.0153,b3b20996-b541-4e81-ac29-d0d5c248b323,TP9,TP9,41.28
1763794262.0153,b3b20996-b541-4e81-ac29-d0d5c248b323,TP9,AF7,35.853
1763794262.0153,b3b20996-b541-4e81-ac29-d0d5c248b323,TP9,AF8,32.024
1763794262.0153,b3b20996-b541-4e81-ac29-d0d5c248b323,TP9,TP10,172.915
1763794262.0153,b3b20996-b541-4e81-ac29-d0d5c248b323,TP9,RightAUX,30.137
1763794262.0153,b3b20996-b541-4e81-ac29-d0d5c248b323,AF7,TP9,17.036
1763794262.0153,b3b20996-b541-4e81-ac29-d0d5c248b323,AF7,AF7,26.106
1763794262.0153,b3b20996-b541-4e81-ac29-d0d5c248b323,AF7,AF8,17.883
1763794262.0153,b3b20996-b541-4e81-ac29-d0d5c248b323,AF7,TP10,61.375
1763794262.0153,b3b20996-b541-4e81-ac29-d0d5c248b323,AF7,RightAUX,109.584
1763794262.0153,b3b20996-b541-4e81-ac29-d0d5c248b323,AF8,TP9,2.609
1763794262.0153,b3b20996-b541-4e81-ac29-d0d5c248b323,AF8,AF7,2.172
1763794262.0153,b3b20996-b541-4e81-ac29-d0d5c248b323,AF8,AF8,1.438
1763794262.0153,b3b20996-b541-4e81-ac29-d0d5c248b323,AF8,TP10,1.154
1763794262.0153,b3b20996-b541-4e81-ac29-d0d5c248b323,AF8,RightAUX,0.8
1763794262.0153,b3b20996-b541-4e81-ac29-d0d5c248b323,TP10,TP9,0.026
1763794262.0153,b3b20996-b541-4e81-ac29-d0d5c248b323,TP10,AF7,0.017
1763794262.0153,b3b20996-b541-4e81-ac29-d0d5c248b323,TP10,AF8,0.034
1763794262.0153,b3b20996-b541-4e81-ac29-d0d5c248b323,TP10,TP10,0.042
1763794262.0153,b3b20996-b541-4e81-ac29-d0d5c248b323,TP10,RightAUX,0.03
1763794262.0153,b3b20996-b541-4e81-ac29-d0d5c248b323,RightAUX,TP9,85.298
1763794262.0153,b3b20996-b541-4e81-ac29-d0d5c248b323,RightAUX,AF7,46.688
1763794262.0153,b3b20996-b541-4e81-ac29-d0d5c248b323,RightAUX,AF8,18.017
1763794262.0153,b3b20996-b541-4e81-ac29-d0d5c248b323,RightAUX,TP10,77.669
1763794262.0153,b3b20996-b541-4e81-ac29-d0d5c248b323,RightAUX,RightAUX,72.554
1763794262.1412,b3b20996-b541-4e81-ac29-d0d5c248b323,TP9,TP9,41.742
1763794262.1412,b3b20996-b541-4e81-ac29-d0d5c248b323,TP9,AF7,27.307
1763794262.1412,b3b20996-b541-4e81-ac29-d0d5c248b323,TP9,AF8,32.839
1763794262.1412,b3b20996-b541-4e81-ac29-d0d5c248b323,TP9,TP10,163.399
1763794262.1412,b3b20996-b541-4e81-ac29-d0d5c248b323,TP9,RightAUX,33.848
1763794262.1412,b3b20996-b541-4e81-ac29-d0d5c248b323,AF7,TP9,21.296
1763794262.1412,b3b20996-b541-4e81-ac29-d0d5c248b323,AF7,AF7,32.475
1763794262.1412,b3b20996-b541-4e81-ac29-d0d5c248b323,AF7,AF8,20.319
1763794262.1412,b3b20996-b541-4e81-ac29-d0d5c248b323,AF7,TP10,61.04
1763794262.1412,b3b20996-b541-4e81-ac29-d0d5c248b323,AF7,RightAUX,112.05
1763794262.1412,b3b20996-b541-4e81-ac29-d0d5c248b323,AF8,TP9,2.056
1763794262.1412,b3b20996-b541-4e81-ac29-d0d5c248b323,AF8,AF7,1.485
1763794262.1412,b3b20996-b541-4e81-ac29-d0d5c248b323,AF8,AF8,1.217
1763794262.1412,b3b20996-b541-4e81-ac29-d0d5c248b323,AF8,TP10,0.919
1763794262.1412,b3b20996-b541-4e81-ac29-d0d5c248b323,AF8,RightAUX,0.697
1763794262.1412,b3b20996-b541-4e81-ac29-d0d5c248b323,TP10,TP9,0.025
1763794262.1412,b3b20996-b541-4e81-ac29-d0d5c248b323,TP10,AF7,0.013
1763794262.1412,b3b20996-b541-4e81-ac29-d0d5c248b323,TP10,AF8,0.024
1763794262.1412,b3b20996-b541-4e81-ac29-d0d5c248b323,TP10,TP10,0.032
1763794262.1412,b3b20996-b541-4e81-ac29-d0d5c248b323,TP10,RightAUX,0.027
1763794262.1412,b3b20996-b541-4e81-ac29-d0d5c248b323,RightAUX,TP9,92.793
1763794262.1412,b3b20996-b541-4e81-ac29-d0d5c248b323,RightAUX,AF7,39.105
1763794262.1412,b3b20996-b541-4e81-ac29-d0d5c248b323,RightAUX,AF8,14.983
1763794262.1412,b3b20996-b541-4e81-ac29-d0d5c248b323,RightAUX,TP10,64.071
1763794262.1412,b3b20996-b541-4e81-ac29-d0d5c248b323,RightAUX,RightAUX,78.465
1763794262.2671,b3b20996-b541-4e81-ac29-d0d5c248b323,TP9,TP9,42.198
1763794262.2671,b3b20996-b541-4e81-ac29-d0d5c248b323,TP9,AF7,22.803
1763794262.2671,b3b20996-b541-4e81-ac29-d0d5c248b323,TP9,AF8,34.979
1763794262.2671,b3b20996-b541-4e81-ac29-d0d5c248b323,TP9,TP10,145.173
1763794262.2671,b3b20996-b541-4e81-ac29-d0d5c248b323,TP9,RightAUX,40.501
1763794262.2671,b3b20996-b541-4e81-ac29-d0d5c248b323,AF7,TP9,24.868
1763794262.2671,b3b20996-b541-4e81-ac29-d0d5c248b323,AF7,AF7,35.496
1763794262.2671,b3b20996-b541-4e81-ac29-d0d5c248b323,AF7,AF8,21.812
1763794262.2671,b3b20996-b541-4e81-ac29-d0d5c248b323,AF7,TP10,62.971
1763794262.2671,b3b20996-b541-4e81-ac29-d0d5c248b323,AF7,RightAUX,111.695
1763794262.2671,b3b20996-b541-4e81-ac29-d0d5c248b323,AF8,TP9,1.589
1763794262.2671,b3b20996-b541-4e81-ac29-d0d5c248b323,AF8,AF7,0.913
1763794262.2671,b3b20996-b541-4e81-ac29-d0d5c248b323,AF8,AF8,1.023
1763794262.2671,b3b20996-b541-4e81-ac29-d0d5c248b323,AF8,TP10,0.766
1763794262.2671,b3b20996-b541-4e81-ac29-d0d5c248b323,AF8,RightAUX,0.613
1763794262.2671,b3b20996-b541-4e81-ac29-d0d5c248b323,TP10,TP9,0.022
1763794262.2671,b3b20996-b541-4e81-ac29-d0d5c248b323,TP10,AF7,0.009
1763794262.2671,b3b20996-b541-4e81-ac29-d0d5c248b323,TP10,AF8,0.016
1763794262.2671,b3b20996-b541-4e81-ac29-d0d5c248b323,TP10,TP10,0.022
1763794262.2671,b3b20996-b541-4e81-ac29-d0d5c248b323,TP10,RightAUX,0.025
1763794262.2671,b3b20996-b541-4e81-ac29-d0d5c248b323,RightAUX,TP9,92.887
1763794262.2671,b3b20996-b541-4e81-ac29-d0d5c248b323,RightAUX,AF7,30.491
1763794262.2671,b3b20996-b541-4e81-ac29-d0d5c248b323,RightAUX,AF8,13.757
1763794262.2671,b3b20996-b541-4e81-ac29-d0d5c248b323,RightAUX,TP10,54.795
1763794262.2671,b3b20996-b541-4e81-ac29-d0d5c248b323,RightAUX,RightAUX,82.796
1763794262.3921,b3b20996-b541-4e81-ac29-d0d5c248b323,TP9,TP9,42.751
1763794262.3921,b3b20996-b541-4e81-ac29-d0d5c248b323,TP9,AF7,22.99
1763794262.3921,b3b20996-b541-4e81-ac29-d0d5c248b323,TP9,AF8,39.504
1763794262.3921,b3b20996-b541-4e81-ac29-d0d5c248b323,TP9,TP10,123.196
1763794262.3921,b3b20996-b541-4e81-ac29-d0d5c248b323,TP9,RightAUX,48.74
1763794262.3921,b3b20996-b541-4e81-ac29-d0d5c248b323,AF7,TP9,26.97
1763794262.3921,b3b20996-b541-4e81-ac29-d0d5c248b323,AF7,AF7,34.079
1763794262.3921,b3b20996-b541-4e81-ac29-d0d5c248b323,AF7,AF8,22.23
1763794262.3921,b3b20996-b541-4e81-ac29-d0d5c248b323,AF7,TP10,67.207
1763794262.3921,b3b20996-b541-4e81-ac29-d0d5c248b323,AF7,RightAUX,108.652
1763794262.3921,b3b20996-b541-4e81-ac29-d0d5c248b323,AF8,TP9,1.177
1763794262.3921,b3b20996-b541-4e81-ac29-d0d5c248b323,AF8,AF7,0.531
1763794262.3921,b3b20996-b541-4e81-ac29-d0d5c248b323,AF8,AF8,0.857
1763794262.3921,b3b20996-b541-4e81-ac29-d0d5c248b323,AF8,TP10,0.708
1763794262.3921,b3b20996-b541-4e81-ac29-d0d5c248b323,AF8,RightAUX,0.556
1763794262.3921,b3b20996-b541-4e81-ac29-d0d5c248b323,TP10,TP9,0.02
1763794262.3921,b3b20996-b541-4e81-ac29-d0d5c248b323,TP10,AF7,0.007
1763794262.3921,b3b20996-b541-4e81-ac29-d0d5c248b323,TP10,AF8,0.011
1763794262.3921,b3b20996-b541-4e81-ac29-d0d5c248b323,TP10,TP10,0.016
1763794262.3921,b3b20996-b541-4e81-ac29-d0d5c248b323,TP10,RightAUX,0.024
1763794262.3921,b3b20996-b541-4e81-ac29-d0d5c248b323,RightAUX,TP9,88.068
1763794262.3921,b3b20996-b541-4e81-ac29-d0d5c248b323,RightAUX,AF7,23.68
1763794262.3921,b3b20996-b541-4e81-ac29-d0d5c248b323,RightAUX,AF8,14.412
1763794262.3921,b3b20996-b541-4e81-ac29-d0d5c248b323,RightAUX,TP10,48.418
1763794262.3921,b3b20996-b541-4e81-ac29-d0d5c248b323,RightAUX,RightAUX,84.951
1763794262.5172,b3b20996-b541-4e81-ac29-d0d5c248b323,TP9,TP9,43.898
1763794262.5172,b3b20996-b541-4e81-ac29-d0d5c248b323,TP9,AF7,26.182
1763794262.5172,b3b20996-b541-4e81-ac29-d0d5c248b323,TP9,AF8,46.063
1763794262.5172,b3b20996-b541-4e81-ac29-d0d5c248b323,TP9,TP10,102.231
1763794262.5172,b3b20996-b541-4e81-ac29-d0d5c248b323,TP9,RightAUX,56.522
1763794262.5172,b3b20996-b541-4e81-ac29-d0d5c248b323,AF7,TP9,27.335
1763794262.5172,b3b20996-b541-4e81-ac29-d0d5c248b323,AF7,AF7,29.125
1763794262.5172,b3b20996-b541-4e81-ac29-d0d5c248b323,AF7,AF8,21.722
1763794262.5172,b3b20996-b541-4e81-ac29-d0d5c248b323,AF7,TP10,72.251
1763794262.5172,b3b20996-b541-4e81-ac29-d0d5c248b323,AF7,RightAUX,103.427
1763794262.5172,b3b20996-b541-4e81-ac29-d0d5c248b323,AF8,TP9,0.825
1763794262.5172,b3b20996-b541-4e81-ac29-d0d5c248b323,AF8,AF7,0.328
1763794262.5172,b3b20996-b541-4e81-ac29-d0d5c248b323,AF8,AF8,0.704
1763794262.5172,b3b20996-b541-4e81-ac29-d0d5c248b323,AF8,TP10,0.736
1763794262.5172,b3b20996-b541-4e81-ac29-d0d5c248b323,AF8,RightAUX,0.529
1763794262.5172,b3b20996-b541-4e81-ac29-d0d5c248b323,TP10,TP9,0.018
1763794262.5172,b3b20996-b541-4e81-ac29-d0d5c248b323,TP10,AF7,0.005
1763794262.5172,b3b20996-b541-4e81-ac29-d0d5c248b323,TP10,AF8,0.009
1763794262.5172,b3b20996-b541-4e81-ac29-d0d5c248b323,TP10,TP10,0.012
1763794262.5172,b3b20996-b541-4e81-ac29-d0d5c248b323,TP10,RightAUX,0.024
1763794262.5172,b3b20996-b541-4e81-ac29-d0d5c248b323,RightAUX,TP9,82.838
1763794262.5172,b3b20996-b541-4e81-ac29-d0d5c248b323,RightAUX,AF7,20.12
1763794262.5172,b3b20996-b541-4e81-ac29-d0d5c248b323,RightAUX,AF8,16.646
1763794262.5172,b3b20996-b541-4e81-ac29-d0d5c248b323,RightAUX,TP10,42.888
1763794262.5172,b3b20996-b541-4e81-ac29-d0d5c248b323,RightAUX,RightAUX,84.399
1763794262.6426,b3b20996-b541-4e81-ac29-d0d5c248b323,TP9,TP9,46.379
1763794262.6426,b3b20996-b541-4e81-ac29-d0d5c248b323,TP9,AF7,29.526
1763794262.6426,b3b20996-b541-4e81-ac29-d0d5c248b323,TP9,AF8,52.663
1763794262.6426,b3b20996-b541-4e81-ac29-d0d5c248b323,TP9,TP10,85.04
1763794262.6426,b3b20996-b541-4e81-ac29-d0d5c248b323,TP9,RightAUX,61.75
1763794262.6426,b3b20996-b541-4e81-ac29-d0d5c248b323,AF7,TP9,26.447
1763794262.6426,b3b20996-b541-4e81-ac29-d0d5c248b323,AF7,AF7,22.905
1763794262.6426,b3b20996-b541-4e81-ac29-d0d5c248b323,AF7,AF8,20.772
1763794262.6426,b3b20996-b541-4e81-ac29-d0d5c248b323,AF7,TP10,75.726
1763794262.6426,b3b20996-b541-4e81-ac29-d0d5c248b323,AF7,RightAUX,96.875
1763794262.6426,b3b20996-b541-4e81-ac29-d0d5c248b323,AF8,TP9,0.572
1763794262.6426,b3b20996-b541-4e81-ac29-d0d5c248b323,AF8,AF7,0.233
1763794262.6426,b3b20996-b541-4e81-ac29-d0d5c248b323,AF8,AF8,0.569
1763794262.6426,b3b20996-b541-4e81-ac29-d0d5c248b323,AF8,TP10,0.832
1763794262.6426,b3b20996-b541-4e81-ac29-d0d5c248b323,AF8,RightAUX,0.525
1763794262.6426,b3b20996-b541-4e81-ac29-d0d5c248b323,TP10,TP9,0.017
1763794262.6426,b3b20996-b541-4e81-ac29-d0d5c248b323,TP10,AF7,0.005
1763794262.6426,b3b20996-b541-4e81-ac29-d0d5c248b323,TP10,AF8,0.009
1763794262.6426,b3b20996-b541-4e81-ac29-d0d5c248b323,TP10,TP10,0.012
1763794262.6426,b3b20996-b541-4e81-ac29-d0d5c248b323,TP10,RightAUX,0.025
1763794262.6426,b3b20996-b541-4e81-ac29-d0d5c248b323,RightAUX,TP9,80.845
1763794262.6426,b3b20996-b541-4e81-ac29-d0d5c248b323,RightAUX,AF7,19.901
1763794262.6426,b3b20996-b541-4e81-ac29-d0d5c248b323,RightAUX,AF8,19.62
1763794262.6426,b3b20996-b541-4e81-ac29-d0d5c248b323,RightAUX,TP10,37.672
1763794262.6426,b3b20996-b541-4e81-ac29-d0d5c248b323,RightAUX,RightAUX,80.762
1763794262.7681,b3b20996-b541-4e81-ac29-d0d5c248b323,TP9,TP9,50.013
1763794262.7681,b3b20996-b541-4e81-ac29-d0d5c248b323,TP9,AF7,30.509
1763794262.7681,b3b20996-b541-4e81-ac29-d0d5c248b323,TP9,AF8,56.678
1763794262.7681,b3b20996-b541-4e81-ac29-d0d5c248b323,TP9,TP10,71.885
1763794262.7681,b3b20996-b541-4e81-ac29-d0d5c248b323,TP9,RightAUX,63.5
1763794262.7681,b3b20996-b541-4e81-ac29-d0d5c248b323,AF7,TP9,24.986
1763794262.7681,b3b20996-b541-4e81-ac29-d0d5c248b323,AF7,AF7,17.578
1763794262.7681,b3b20996-b541-4e81-ac29-d0d5c248b323,AF7,AF8,19.77
1763794262.7681,b3b20996-b541-4e81-ac29-d0d5c248b323,AF7,TP10,75.284
1763794262.7681,b3b20996-b541-4e81-ac29-d0d5c248b323,AF7,RightAUX,90.232
1763794262.7681,b3b20996-b541-4e81-ac29-d0d5c248b323,AF8,TP9,0.434
1763794262.7681,b3b20996-b541-4e81-ac29-d0d5c248b323,AF8,AF7,0.184
1763794262.7681,b3b20996-b541-4e81-ac29-d0d5c248b323,AF8,AF8,0.463
1763794262.7681,b3b20996-b541-4e81-ac29-d0d5c248b323,AF8,TP10,0.976
1763794262.7681,b3b20996-b541-4e81-ac29-d0d5c248b323,AF8,RightAUX,0.523
1763794262.7681,b3b20996-b541-4e81-ac29-d0d5c248b323,TP10,TP9,0.016
1763794262.7681,b3b20996-b541-4e81-ac29-d0d5c248b323,TP10,AF7,0.004
1763794262.7681,b3b20996-b541-4e81-ac29-d0d5c248b323,TP10,AF8,0.011
1763794262.7681,b3b20996-b541-4e81-ac29-d0d5c248b323,TP10,TP10,0.013
1763794262.7681,b3b20996-b541-4e81-ac29-d0d5c248b323,TP10,RightAUX,0.025
1763794262.7681,b3b20996-b541-4e81-ac29-d0d5c248b323,RightAUX,TP9,82.711
1763794262.7681,b3b20996-b541-4e81-ac29-d0d5c248b323,RightAUX,AF7,22.077
1763794262.7681,b3b20996-b541-4e81-ac29-d0d5c248b323,RightAUX,AF8,22.435
1763794262.7681,b3b20996-b541-4e81-ac29-d0d5c248b323,RightAUX,TP10,34.287
1763794262.7681,b3b20996-b541-4e81-ac29-d0d5c248b323,RightAUX,RightAUX,74.21
1763794262.8934,b3b20996-b541-4e81-ac29-d0d5c248b323,TP9,TP9,54.045
1763794262.8934,b3b20996-b541-4e81-ac29-d0d5c248b323,TP9,AF7,28.376
1763794262.8934,b3b20996-b541-4e81-ac29-d0d5c248b323,TP9,AF8,55.997
1763794262.8934,b3b20996-b541-4e81-ac29-d0d5c248b323,TP9,TP10,61.031
1763794262.8934,b3b20996-b541-4e81-ac29-d0d5c248b323,TP9,RightAUX,62.343
1763794262.8934,b3b20996-b541-4e81-ac29-d0d5c248b323,AF7,TP9,23.654
1763794262.8934,b3b20996-b541-4e81-ac29-d0d5c248b323,AF7,AF7,14.351
1763794262.8934,b3b20996-b541-4e81-ac29-d0d5c248b323,AF7,AF8,19.398
1763794262.8934,b3b20996-b541-4e81-ac29-d0d5c248b323,AF7,TP10,70.058
1763794262.8934,b3b20996-b541-4e81-ac29-d0d5c248b323,AF7,RightAUX,84.796
1763794262.8934,b3b20996-b541-4e81-ac29-d0d5c248b323,AF8,TP9,0.387
1763794262.8934,b3b20996-b541-4e81-ac29-d0d5c248b323,AF8,AF7,0.165
1763794262.8934,b3b20996-b541-4e81-ac29-d0d5c248b323,AF8,AF8,0.392
1763794262.8934,b3b20996-b541-4e81-ac29-d0d5c248b323,AF8,TP10,1.146
1763794262.8934,b3b20996-b541-4e81-ac29-d0d5c248b323,AF8,RightAUX,0.505
1763794262.8934,b3b20996-b541-4e81-ac29-d0d5c248b323,TP10,TP9,0.014
1763794262.8934,b3b20996-b541-4e81-ac29-d0d5c248b323,TP10,AF7,0.005
1763794262.8934,b3b20996-b541-4e81-ac29-d0d5c248b323,TP10,AF8,0.014
1763794262.8934,b3b20996-b541-4e81-ac29-d0d5c248b323,TP10,TP10,0.015
1763794262.8934,b3b20996-b541-4e81-ac29-d0d5c248b323,TP10,RightAUX,0.026
1763794262.8934,b3b20996-b541-4e81-ac29-d0d5c248b323,RightAUX,TP9,85.468
1763794262.8934,b3b20996-b541-4e81-ac29-d0d5c248b323,RightAUX,AF7,25.188
1763794262.8934,b3b20996-b541-4e81-ac29-d0d5c248b323,RightAUX,AF8,24.302
1763794262.8934,b3b20996-b541-4e81-ac29-d0d5c248b323,RightAUX,TP10,34.659
1763794262.8934,b3b20996-b541-4e81-ac29-d0d5c248b323,RightAUX,RightAUX,65.635
1763794263.0187,b3b20996-b541-4e81-ac29-d0d5c248b323,TP9,TP9,58.049
1763794263.0187,b3b20996-b541-4e81-ac29-d0d5c248b323,TP9,AF7,23.996
1763794263.0187,b3b20996-b541-4e81-ac29-d0d5c248b323,TP9,AF8,50.056
1763794263.0187,b3b20996-b541-4e81-ac29-d0d5c248b323,TP9,TP10,50.597
1763794263.0187,b3b20996-b541-4e81-ac29-d0d5c248b323,TP9,RightAUX,59.819
1763794263.0187,b3b20996-b541-4e81-ac29-d0d5c248b323,AF7,TP9,22.742
1763794263.0187,b3b20996-b541-4e81-ac29-d0d5c248b323,AF7,AF7,13.038
1763794263.0187,b3b20996-b541-4e81-ac29-d0d5c248b323,AF7,AF8,20.272
1763794263.0187,b3b20996-b541-4e81-ac29-d0d5c248b323,AF7,TP10,61.531
1763794263.0187,b3b20996-b541-4e81-ac29-d0d5c248b323,AF7,RightAUX,81.338
1763794263.0187,b3b20996-b541-4e81-ac29-d0d5c248b323,AF8,TP9,0.425
1763794263.0187,b3b20996-b541-4e81-ac29-d0d5c248b323,AF8,AF7,0.177
1763794263.0187,b3b20996-b541-4e81-ac29-d0d5c248b323,AF8,AF8,0.353
1763794263.0187,b3b20996-b541-4e81-ac29-d0d5c248b323,AF8,TP10,1.307
1763794263.0187,b3b20996-b541-4e81-ac29-d0d5c248b323,AF8,RightAUX,0.47
1763794263.0187,b3b20996-b541-4e81-ac29-d0d5c248b323,TP10,TP9,0.013
1763794263.0187,b3b20996-b541-4e81-ac29-d0d5c248b323,TP10,AF7,0.005
1763794263.0187,b3b20996-b541-4e81-ac29-d0d5c248b323,TP10,AF8,0.017
1763794263.0187,b3b20996-b541-4e81-ac29-d0d5c248b323,TP10,TP10,0.018
1763794263.0187,b3b20996-b541-4e81-ac29-d0d5c248b323,TP10,RightAUX,0.029
1763794263.0187,b3b20996-b541-4e81-ac29-d0d5c248b323,RightAUX,TP9,84.839
1763794263.0187,b3b20996-b541-4e81-ac29-d0d5c248b323,RightAUX,AF7,27.664
1763794263.0187,b3b20996-b541-4e81-ac29-d0d5c248b323,RightAUX,AF8,24.751
1763794263.0187,b3b20996-b541-4e81-ac29-d0d5c248b323,RightAUX,TP10,39.949
1763794263.0187,b3b20996-b541-4e81-ac29-d0d5c248b323,RightAUX,RightAUX,56.488
1763794263.1436,b3b20996-b541-4e81-ac29-d0d5c248b323,TP9,TP9,61.198
1763794263.1436,b3b20996-b541-4e81-ac29-d0d5c248b323,TP9,AF7,19.182
1763794263.1436,b3b20996-b541-4e81-ac29-d0d5c248b323,TP9,AF8,40.289
1763794263.1436,b3b20996-b541-4e81-ac29-d0d5c248b323,TP9,TP10,40.027
1763794263.1436,b3b20996-b541-4e81-ac29-d0d5c248b323,TP9,RightAUX,57.499
1763794263.1436,b3b20996-b541-4e81-ac29-d0d5c248b323,AF7,TP9,22.116
1763794263.1436,b3b20996-b541-4e81-ac29-d0d5c248b323,AF7,AF7,12.546
1763794263.1436,b3b20996-b541-4e81-ac29-d0d5c248b323,AF7,AF8,22.437
1763794263.1436,b3b20996-b541-4e81-ac29-d0d5c248b323,AF7,TP10,53.197
1763794263.1436,b3b20996-b541-4e81-ac29-d0d5c248b323,AF7,RightAUX,79.84
1763794263.1436,b3b20996-b541-4e81-ac29-d0d5c248b323,AF8,TP9,0.519
1763794263.1436,b3b20996-b541-4e81-ac29-d0d5c248b323,AF8,AF7,0.223
1763794263.1436,b3b20996-b541-4e81-ac29-d0d5c248b323,AF8,AF8,0.342
1763794263.1436,b3b20996-b541-4e81-ac29-d0d5c248b323,AF8,TP10,1.415
1763794263.1436,b3b20996-b541-4e81-ac29-d0d5c248b323,AF8,RightAUX,0.432
1763794263.1436,b3b20996-b541-4e81-ac29-d0d5c248b323,TP10,TP9,0.011
1763794263.1436,b3b20996-b541-4e81-ac29-d0d5c248b323,TP10,AF7,0.005
1763794263.1436,b3b20996-b541-4e81-ac29-d0d5c248b323,TP10,AF8,0.019
1763794263.1436,b3b20996-b541-4e81-ac29-d0d5c248b323,TP10,TP10,0.022
1763794263.1436,b3b20996-b541-4e81-ac29-d0d5c248b323,TP10,RightAUX,0.033
1763794263.1436,b3b20996-b541-4e81-ac29-d0d5c248b323,RightAUX,TP9,77.787
1763794263.1436,b3b20996-b541-4e81-ac29-d0d5c248b323,RightAUX,AF7,28.598
1763794263.1436,b3b20996-b541-4e81-ac29-d0d5c248b323,RightAUX,AF8,23.531
1763794263.1436,b3b20996-b541-4e81-ac29-d0d5c248b323,RightAUX,TP10,50.243
1763794263.1436,b3b20996-b541-4e81-ac29-d0d5c248b323,RightAUX,RightAUX,48.226
1763794263.2696,b3b20996-b541-4e81-ac29-d0d5c248b323,TP9,TP9,62.909
1763794263.2696,b3b20996-b541-4e81-ac29-d0d5c248b323,TP9,AF7,15.696
1763794263.2696,b3b20996-b541-4e81-ac29-d0d5c248b323,TP9,AF8,29.463
1763794263.2696,b3b20996-b541-4e81-ac29-d0d5c248b323,TP9,TP10,30.443
1763794263.2696,b3b20996-b541-4e81-ac29-d0d5c248b323,TP9,RightAUX,56.457
1763794263.2696,b3b20996-b541-4e81-ac29-d0d5c248b323,AF7,TP9,21.308
1763794263.2696,b3b20996-b541-4e81-ac29-d0d5c248b323,AF7,AF7,11.773
1763794263.2696,b3b20996-b541-4e81-ac29-d0d5c248b323,AF7,AF8,25.084
1763794263.2696,b3b20996-b541-4e81-ac29-d0d5c248b323,AF7,TP10,48.902
1763794263.2696,b3b20996-b541-4e81-ac29-d0d5c248b323,AF7,RightAUX,79.539
1763794263.2696,b3b20996-b541-4e81-ac29-d0d5c248b323,AF8,TP9,0.634
1763794263.2696,b3b20996-b541-4e81-ac29-d0d5c248b323,AF8,AF7,0.309
1763794263.2696,b3b20996-b541-4e81-ac29-d0d5c248b323,AF8,AF8,0.357
1763794263.2696,b3b20996-b541-4e81-ac29-d0d5c248b323,AF8,TP10,1.425
1763794263.2696,b3b20996-b541-4e81-ac29-d0d5c248b323,AF8,RightAUX,0.409
1763794263.2696,b3b20996-b541-4e81-ac29-d0d5c248b323,TP10,TP9,0.009
1763794263.2696,b3b20996-b541-4e81-ac29-d0d5c248b323,TP10,AF7,0.005
1763794263.2696,b3b20996-b541-4e81-ac29-d0d5c248b323,TP10,AF8,0.02
1763794263.2696,b3b20996-b541-4e81-ac29-d0d5c248b323,TP10,TP10,0.024
1763794263.2696,b3b20996-b541-4e81-ac29-d0d5c248b323,TP10,RightAUX,0.037
1763794263.2696,b3b20996-b541-4e81-ac29-d0d5c248b323,RightAUX,TP9,64.852
1763794263.2696,b3b20996-b541-4e81-ac29-d0d5c248b323,RightAUX,AF7,27.882
1763794263.2696,b3b20996-b541-4e81-ac29-d0d5c248b323,RightAUX,AF8,20.995
1763794263.2696,b3b20996-b541-4e81-ac29-d0d5c248b323,RightAUX,TP10,64.248
1763794263.2696,b3b20996-b541-4e81-ac29-d0d5c248b323,RightAUX,RightAUX,41.883
1763794263.3954,b3b20996-b541-4e81-ac29-d0d5c248b323,TP9,TP9,62.755
1763794263.3954,b3b20996-b541-4e81-ac29-d0d5c248b323,TP9,AF7,14.417
1763794263.3954,b3b20996-b541-4e81-ac29-d0d5c248b323,TP9,AF8,20.177
1763794263.3954,b3b20996-b541-4e81-ac29-d0d5c248b323,TP9,TP10,24.104
1763794263.3954,b3b20996-b541-4e81-ac29-d0d5c248b323,TP9,RightAUX,56.994
1763794263.3954,b3b20996-b541-4e81-ac29-d0d5c248b323,AF7,TP9,19.819
1763794263.3954,b3b20996-b541-4e81-ac29-d0d5c248b323,AF7,AF7,10.254
1763794263.3954,b3b20996-b541-4e81-ac29-d0d5c248b323,AF7,AF8,26.71
1763794263.3954,b3b20996-b541-4e81-ac29-d0d5c248b323,AF7,TP10,50.748
1763794263.3954,b3b20996-b541-4e81-ac29-d0d5c248b323,AF7,RightAUX,78.903
1763794263.3954,b3b20996-b541-4e81-ac29-d0d5c248b323,AF8,TP9,0.736
1763794263.3954,b3b20996-b541-4e81-ac29-d0d5c248b323,AF8,AF7,0.45
1763794263.3954,b3b20996-b541-4e81-ac29-d0d5c248b323,AF8,AF8,0.389
1763794263.3954,b3b20996-b541-4e81-ac29-d0d5c248b323,AF8,TP10,1.318
1763794263.3954,b3b20996-b541-4e81-ac29-d0d5c248b323,AF8,RightAUX,0.413
1763794263.3954,b3b20996-b541-4e81-ac29-d0d5c248b323,TP10,TP9,0.008
1763794263.3954,b3b20996-b541-4e81-ac29-d0d5c248b323,TP10,AF7,0.006
1763794263.3954,b3b20996-b541-4e81-ac29-d0d5c248b323,TP10,AF8,0.02
1763794263.3954,b3b20996-b541-4e81-ac29-d0d5c248b323,TP10,TP10,0.025
1763794263.3954,b3b20996-b541-4e81-ac29-d0d5c248b323,TP10,RightAUX,0.039
1763794263.3954,b3b20996-b541-4e81-ac29-d0d5c248b323,RightAUX,TP9,49.415
1763794263.3954,b3b20996-b541-4e81-ac29-d0d5c248b323,RightAUX,AF7,26.063
1763794263.3954,b3b20996-b541-4e81-ac29-d0d5c248b323,RightAUX,AF8,18.129
1763794263.3954,b3b20996-b541-4e81-ac29-d0d5c248b323,RightAUX,TP10,79.275
1763794263.3954,b3b20996-b541-4e81-ac29-d0d5c248b323,RightAUX,RightAUX,37.861
1763794263.5213,b3b20996-b541-4e81-ac29-d0d5c248b323,TP9,TP9,60.478
1763794263.5213,b3b20996-b541-4e81-ac29-d0d5c248b323,TP9,AF7,15.237
1763794263.5213,b3b20996-b541-4e81-ac29-d0d5c248b323,TP9,AF8,13.86
1763794263.5213,b3b20996-b541-4e81-ac29-d0d5c248b323,TP9,TP10,22.851
1763794263.5213,b3b20996-b541-4e81-ac29-d0d5c248b323,TP9,RightAUX,58.599
1763794263.5213,b3b20996-b541-4e81-ac29-d0d5c248b323,AF7,TP9,17.424
1763794263.5213,b3b20996-b541-4e81-ac29-d0d5c248b323,AF7,AF7,8.256
1763794263.5213,b3b20996-b541-4e81-ac29-d0d5c248b323,AF7,AF8,26.122
1763794263.5213,b3b20996-b541-4e81-ac29-d0d5c248b323,AF7,TP10,58.19
1763794263.5213,b3b20996-b541-4e81-ac29-d0d5c248b323,AF7,RightAUX,76.283
1763794263.5213,b3b20996-b541-4e81-ac29-d0d5c248b323,AF8,TP9,0.784
1763794263.5213,b3b20996-b541-4e81-ac29-d0d5c248b323,AF8,AF7,0.651
1763794263.5213,b3b20996-b541-4e81-ac29-d0d5c248b323,AF8,AF8,0.426
1763794263.5213,b3b20996-b541-4e81-ac29-d0d5c248b323,AF8,TP10,1.115
1763794263.5213,b3b20996-b541-4e81-ac29-d0d5c248b323,AF8,RightAUX,0.441
1763794263.5213,b3b20996-b541-4e81-ac29-d0d5c248b323,TP10,TP9,0.009
1763794263.5213,b3b20996-b541-4e81-ac29-d0d5c248b323,TP10,AF7,0.008
1763794263.5213,b3b20996-b541-4e81-ac29-d0d5c248b323,TP10,AF8,0.019
1763794263.5213,b3b20996-b541-4e81-ac29-d0d5c248b323,TP10,TP10,0.024
1763794263.5213,b3b20996-b541-4e81-ac29-d0d5c248b323,TP10,RightAUX,0.04
1763794263.5213,b3b20996-b541-4e81-ac29-d0d5c248b323,RightAUX,TP9,36.065
1763794263.5213,b3b20996-b541-4e81-ac29-d0d5c248b323,RightAUX,AF7,23.892
1763794263.5213,b3b20996-b541-4e81-ac29-d0d5c248b323,RightAUX,AF8,15.928
1763794263.5213,b3b20996-b541-4e81-ac29-d0d5c248b323,RightAUX,TP10,92.129
1763794263.5213,b3b20996-b541-4e81-ac29-d0d5c248b323,RightAUX,RightAUX,36.094
1763794263.6472,b3b20996-b541-4e81-ac29-d0d5c248b323,TP9,TP9,56.201
1763794263.6472,b3b20996-b541-4e81-ac29-d0d5c248b323,TP9,AF7,17.515
1763794263.6472,b3b20996-b541-4e81-ac29-d0d5c248b323,TP9,AF8,10.234
1763794263.6472,b3b20996-b541-4e81-ac29-d0d5c248b323,TP9,TP10,27.13
1763794263.6472,b3b20996-b541-4e81-ac29-d0d5c248b323,TP9,RightAUX,60.323
1763794263.6472,b3b20996-b541-4e81-ac29-d0d5c248b323,AF7,TP9,14.483
1763794263.6472,b3b20996-b541-4e81-ac29-d0d5c248b323,AF7,AF7,6.48
1763794263.6472,b3b20996-b541-4e81-ac29-d0d5c248b323,AF7,AF8,23.262
1763794263.6472,b3b20996-b541-4e81-ac29-d0d5c248b323,AF7,TP10,68.58
1763794263.6472,b3b20996-b541-4e81-ac29-d0d5c248b323,AF7,RightAUX,71.06
1763794263.6472,b3b20996-b541-4e81-ac29-d0d5c248b323,AF8,TP9,0.768
1763794263.6472,b3b20996-b541-4e81-ac29-d0d5c248b323,AF8,AF7,0.9
1763794263.6472,b3b20996-b541-4e81-ac29-d0d5c248b323,AF8,AF8,0.467
1763794263.6472,b3b20996-b541-4e81-ac29-d0d5c248b323,AF8,TP10,0.877
1763794263.6472,b3b20996-b541-4e81-ac29-d0d5c248b323,AF8,RightAUX,0.481
1763794263.6472,b3b20996-b541-4e81-ac29-d0d5c248b323,TP10,TP9,0.01
1763794263.6472,b3b20996-b541-4e81-ac29-d0d5c248b323,TP10,AF7,0.011
1763794263.6472,b3b20996-b541-4e81-ac29-d0d5c248b323,TP10,AF8,0.018
1763794263.6472,b3b20996-b541-4e81-ac29-d0d5c248b323,TP10,TP10,0.022
1763794263.6472,b3b20996-b541-4e81-ac29-d0d5c248b323,TP10,RightAUX,0.037
1763794263.6472,b3b20996-b541-4e81-ac29-d0d5c248b323,RightAUX,TP9,28.613
1763794263.6472,b3b20996-b541-4e81-ac29-d0d5c248b323,RightAUX,AF7,22.373
1763794263.6472,b3b20996-b541-4e81-ac29-d0d5c248b323,RightAUX,AF8,15.207
1763794263.6472,b3b20996-b541-4e81-ac29-d0d5c248b323,RightAUX,TP10,100.062
1763794263.6472,b3b20996-b541-4e81-ac29-d0d5c248b323,RightAUX,RightAUX,36.444
